id,first_name,last_name,email,gender,ip_address
1,Jeffie,Gladebeck,jgladebeck0@state.tx.us,Male,230.12.223.121
2,Gloriana,Andryushchenko,gandryushchenko1@hexun.com,Female,43.252.58.153
3,Faydra,Force,fforce2@yahoo.com,Female,108.237.162.129
4,Korrie,Kruse,kkruse3@jimdo.com,Female,194.177.225.3
5,Hilary,Noirel,hnoirel4@livejournal.com,Male,33.31.191.150
6,Rosemonde,Jewson,rjewson5@omniture.com,Female,31.7.207.23
7,Cherish,Sonley,csonley6@dmoz.org,Female,22.165.112.125
8,Georgeta,Dallyn,gdallyn7@so-net.ne.jp,Female,191.12.242.41
9,Yehudit,Warder,ywarder8@amazon.co.jp,Male,94.237.211.56
10,Reg,Escreet,rescreet9@youtu.be,Male,221.14.246.245
11,Neale,Yeend,nyeenda@utexas.edu,Male,25.171.197.217
12,Quent,Amiranda,qamirandab@virginia.edu,Male,185.122.32.43
13,Starla,Preon,spreonc@google.fr,Female,126.114.169.49
14,Abe,Lippitt,alippittd@forbes.com,Male,90.208.188.203
15,Marika,Earingey,mearingeye@sakura.ne.jp,Female,13.255.180.31
16,Olly,Upward,oupwardf@histats.com,Male,118.157.3.83
17,Jolie,Bordone,jbordoneg@behance.net,Female,148.176.249.103
18,Gavrielle,Batrim,gbatrimh@google.com.au,Female,97.129.46.41
19,Lurlene,Saffe,lsaffei@hud.gov,Female,128.188.14.247
20,Aloin,Cluney,acluneyj@bloglovin.com,Male,73.158.242.106
21,Thadeus,Mulligan,tmulligank@oakley.com,Male,175.198.199.21
22,Wileen,Merit,wmeritl@hao123.com,Female,122.76.167.170
23,Claudetta,Hallede,challedem@about.me,Female,184.178.210.16
24,Helga,Mulholland,hmulhollandn@tiny.cc,Female,190.120.28.80
25,Noelani,Coupland,ncouplando@eepurl.com,Female,62.174.75.98
26,Gallagher,Swoffer,gswofferp@columbia.edu,Male,151.71.132.47
27,Neda,Dener,ndenerq@umich.edu,Female,191.36.231.179
28,Thorn,Wyburn,twyburnr@washington.edu,Male,120.148.48.33
29,Sascha,Wickmann,swickmanns@desdev.cn,Male,66.17.22.40
30,Gennie,Bidgood,gbidgoodt@yellowpages.com,Non-binary,199.21.37.249